-- InfinityFree Database Backup for calendar_app
-- Generated by setup script

SET FOREIGN_KEY_CHECKS=0;

DROP TABLE IF EXISTS `cache`;
CREATE TABLE `cache` (
  `key` varchar(191) COLLATE utf8mb4_unicode_ci NOT NULL,
  `value` mediumtext COLLATE utf8mb4_unicode_ci NOT NULL,
  `expiration` int NOT NULL,
  PRIMARY KEY (`key`),
  KEY `cache_expiration_index` (`expiration`)
) ENGINE=MyISAM DEFAULT CHARSET=utf8mb4 COLLATE=utf8mb4_unicode_ci;

INSERT INTO `cache` (`key`, `value`, `expiration`) VALUES ('laravel-cache-5c785c036466adea360111aa28563bfd556b5fba:timer', 'i:1774497705;', '1774497705');
INSERT INTO `cache` (`key`, `value`, `expiration`) VALUES ('laravel-cache-5c785c036466adea360111aa28563bfd556b5fba', 'i:1;', '1774497705');

DROP TABLE IF EXISTS `cache_locks`;
CREATE TABLE `cache_locks` (
  `key` varchar(191) COLLATE utf8mb4_unicode_ci NOT NULL,
  `owner` varchar(191) COLLATE utf8mb4_unicode_ci NOT NULL,
  `expiration` int NOT NULL,
  PRIMARY KEY (`key`),
  KEY `cache_locks_expiration_index` (`expiration`)
) ENGINE=MyISAM DEFAULT CHARSET=utf8mb4 COLLATE=utf8mb4_unicode_ci;


DROP TABLE IF EXISTS `event_attachments`;
CREATE TABLE `event_attachments` (
  `id` bigint unsigned NOT NULL AUTO_INCREMENT,
  `event_id` varchar(191) COLLATE utf8mb4_unicode_ci NOT NULL,
  `filename` varchar(191) COLLATE utf8mb4_unicode_ci NOT NULL,
  `path` varchar(191) COLLATE utf8mb4_unicode_ci NOT NULL,
  `mime_type` varchar(191) COLLATE utf8mb4_unicode_ci DEFAULT NULL,
  `size` bigint unsigned NOT NULL DEFAULT '0',
  `created_at` timestamp NULL DEFAULT NULL,
  `updated_at` timestamp NULL DEFAULT NULL,
  PRIMARY KEY (`id`),
  KEY `event_attachments_event_id_foreign` (`event_id`)
) ENGINE=MyISAM DEFAULT CHARSET=utf8mb4 COLLATE=utf8mb4_unicode_ci;


DROP TABLE IF EXISTS `event_audits`;
CREATE TABLE `event_audits` (
  `id` bigint unsigned NOT NULL AUTO_INCREMENT,
  `event_id` varchar(191) COLLATE utf8mb4_unicode_ci NOT NULL,
  `user_id` bigint unsigned DEFAULT NULL,
  `action` varchar(191) COLLATE utf8mb4_unicode_ci NOT NULL,
  `old_values` json DEFAULT NULL,
  `new_values` json DEFAULT NULL,
  `created_at` timestamp NULL DEFAULT NULL,
  `updated_at` timestamp NULL DEFAULT NULL,
  PRIMARY KEY (`id`),
  KEY `event_audits_event_id_index` (`event_id`)
) ENGINE=MyISAM AUTO_INCREMENT=9 DEFAULT CHARSET=utf8mb4 COLLATE=utf8mb4_unicode_ci;

INSERT INTO `event_audits` (`id`, `event_id`, `user_id`, `action`, `old_values`, `new_values`, `created_at`, `updated_at`) VALUES ('1', '221f360d-c810-4a48-9c4a-7c6ebbc13c95', '4', 'created', NULL, '{\"id\": \"221f360d-c810-4a48-9c4a-7c6ebbc13c95\", \"date\": \"2026-03-26\", \"color\": \"#93c5fd\", \"title\": \"YAAAAAAAY\", \"status\": \"upcoming\", \"user_id\": 4, \"end_date\": \"2026-03-30\", \"location\": \"AJSKDJSKL\", \"created_at\": \"2026-03-26T03:24:23.000000Z\", \"updated_at\": \"2026-03-26T03:24:23.000000Z\", \"description\": \"\", \"day_overrides\": null, \"classification\": \"SSKDJSALK\", \"recurrence_end\": null, \"recurrence_rule\": null}', '2026-03-26 03:24:23', '2026-03-26 03:24:23');
INSERT INTO `event_audits` (`id`, `event_id`, `user_id`, `action`, `old_values`, `new_values`, `created_at`, `updated_at`) VALUES ('2', 'd5ae1b14-52d6-49d0-adc2-c36f62e2a41b', '4', 'created', NULL, '{\"id\": \"d5ae1b14-52d6-49d0-adc2-c36f62e2a41b\", \"date\": \"2026-03-28\", \"color\": \"#fdba74\", \"title\": \"DFJKDLSJFKL\", \"status\": \"upcoming\", \"user_id\": 4, \"end_date\": null, \"location\": \"SJKLFJKLA\", \"created_at\": \"2026-03-26T03:24:39.000000Z\", \"updated_at\": \"2026-03-26T03:24:39.000000Z\", \"description\": \"\", \"day_overrides\": null, \"classification\": \"SJKLJKLSDA\", \"recurrence_end\": null, \"recurrence_rule\": null}', '2026-03-26 03:24:39', '2026-03-26 03:24:39');
INSERT INTO `event_audits` (`id`, `event_id`, `user_id`, `action`, `old_values`, `new_values`, `created_at`, `updated_at`) VALUES ('3', 'd5ae1b14-52d6-49d0-adc2-c36f62e2a41b', '4', 'updated', '{\"id\": \"d5ae1b14-52d6-49d0-adc2-c36f62e2a41b\", \"date\": \"2026-03-28\", \"time\": null, \"color\": \"#fdba74\", \"title\": \"DFJKDLSJFKL\", \"status\": \"upcoming\", \"user_id\": 4, \"end_date\": null, \"location\": \"SJKLFJKLA\", \"created_at\": \"2026-03-26T03:24:39.000000Z\", \"updated_at\": \"2026-03-26T03:24:39.000000Z\", \"description\": \"\", \"day_overrides\": null, \"classification\": \"SJKLJKLSDA\", \"recurrence_end\": null, \"recurrence_rule\": null}', '{\"id\": \"d5ae1b14-52d6-49d0-adc2-c36f62e2a41b\", \"date\": \"2026-03-28\", \"time\": null, \"color\": \"#fdba74\", \"title\": \"DFJKDLSJFKLKSFL;FKDLSKFL;DSKFLDSKFL;FKL;DFSD\", \"status\": \"upcoming\", \"user_id\": 4, \"end_date\": null, \"location\": \"SJKLFJKLA\", \"created_at\": \"2026-03-26T03:24:39.000000Z\", \"updated_at\": \"2026-03-26T03:24:50.000000Z\", \"description\": \"\", \"day_overrides\": null, \"classification\": \"SJKLJKLSDA\", \"recurrence_end\": null, \"recurrence_rule\": null}', '2026-03-26 03:24:50', '2026-03-26 03:24:50');
INSERT INTO `event_audits` (`id`, `event_id`, `user_id`, `action`, `old_values`, `new_values`, `created_at`, `updated_at`) VALUES ('4', '221f360d-c810-4a48-9c4a-7c6ebbc13c95', '4', 'updated', '{\"id\": \"221f360d-c810-4a48-9c4a-7c6ebbc13c95\", \"date\": \"2026-03-26\", \"time\": null, \"color\": \"#93c5fd\", \"title\": \"YAAAAAAAY\", \"status\": \"upcoming\", \"user_id\": 4, \"end_date\": \"2026-03-30\", \"location\": \"AJSKDJSKL\", \"created_at\": \"2026-03-26T03:24:23.000000Z\", \"updated_at\": \"2026-03-26T03:24:23.000000Z\", \"description\": \"\", \"day_overrides\": null, \"classification\": \"SSKDJSALK\", \"recurrence_end\": null, \"recurrence_rule\": null}', '{\"id\": \"221f360d-c810-4a48-9c4a-7c6ebbc13c95\", \"date\": \"2026-03-26\", \"time\": null, \"color\": \"#93c5fd\", \"title\": \"YAAAAAAAY\", \"status\": \"upcoming\", \"user_id\": 4, \"end_date\": \"2026-03-30\", \"location\": \"AJSKDJSKL\", \"created_at\": \"2026-03-26T03:24:23.000000Z\", \"updated_at\": \"2026-03-26T03:25:37.000000Z\", \"description\": \"\", \"day_overrides\": {\"2026-03-27\": {\"location\": \"WOOOOWOW\"}}, \"classification\": \"SSKDJSALK\", \"recurrence_end\": null, \"recurrence_rule\": null}', '2026-03-26 03:25:37', '2026-03-26 03:25:37');
INSERT INTO `event_audits` (`id`, `event_id`, `user_id`, `action`, `old_values`, `new_values`, `created_at`, `updated_at`) VALUES ('5', 'd5ae1b14-52d6-49d0-adc2-c36f62e2a41b', '4', 'updated', '{\"id\": \"d5ae1b14-52d6-49d0-adc2-c36f62e2a41b\", \"date\": \"2026-03-28\", \"time\": null, \"color\": \"#fdba74\", \"title\": \"DFJKDLSJFKLKSFL;FKDLSKFL;DSKFLDSKFL;FKL;DFSD\", \"status\": \"upcoming\", \"user_id\": 4, \"end_date\": null, \"location\": \"SJKLFJKLA\", \"created_at\": \"2026-03-26T03:24:39.000000Z\", \"updated_at\": \"2026-03-26T03:24:50.000000Z\", \"description\": \"\", \"day_overrides\": null, \"classification\": \"SJKLJKLSDA\", \"recurrence_end\": null, \"recurrence_rule\": null}', '{\"id\": \"d5ae1b14-52d6-49d0-adc2-c36f62e2a41b\", \"date\": \"2026-03-28\", \"time\": null, \"color\": \"#fdba74\", \"title\": \"CBT Training in Food Processing and Manicure Training\", \"status\": \"upcoming\", \"user_id\": 4, \"end_date\": null, \"location\": \"SJKLFJKLA\", \"created_at\": \"2026-03-26T03:24:39.000000Z\", \"updated_at\": \"2026-03-26T03:41:02.000000Z\", \"description\": \"\", \"day_overrides\": null, \"classification\": \"SJKLJKLSDA\", \"recurrence_end\": null, \"recurrence_rule\": null}', '2026-03-26 03:41:02', '2026-03-26 03:41:02');
INSERT INTO `event_audits` (`id`, `event_id`, `user_id`, `action`, `old_values`, `new_values`, `created_at`, `updated_at`) VALUES ('6', '876de973-d6ee-4760-9dc3-b5a7ce4483aa', '4', 'created', NULL, '{\"id\": \"876de973-d6ee-4760-9dc3-b5a7ce4483aa\", \"date\": \"2026-03-27\", \"color\": \"#86efac\", \"title\": \"dsjfldksfkldsfkls;dfkl;sdl;fsdkfklds;fkdlsfklds;\", \"status\": \"upcoming\", \"user_id\": 4, \"end_date\": null, \"location\": \"kfl;dskfl;ds\", \"created_at\": \"2026-03-26T03:42:41.000000Z\", \"updated_at\": \"2026-03-26T03:42:41.000000Z\", \"description\": \"\", \"day_overrides\": null, \"classification\": \"fkld;skfl;dskfl;dskf;slskl\", \"recurrence_end\": null, \"recurrence_rule\": null}', '2026-03-26 03:42:41', '2026-03-26 03:42:41');
INSERT INTO `event_audits` (`id`, `event_id`, `user_id`, `action`, `old_values`, `new_values`, `created_at`, `updated_at`) VALUES ('7', '876de973-d6ee-4760-9dc3-b5a7ce4483aa', '4', 'updated', '{\"id\": \"876de973-d6ee-4760-9dc3-b5a7ce4483aa\", \"date\": \"2026-03-27\", \"time\": null, \"color\": \"#86efac\", \"title\": \"dsjfldksfkldsfkls;dfkl;sdl;fsdkfklds;fkdlsfklds;\", \"status\": \"upcoming\", \"user_id\": 4, \"end_date\": null, \"location\": \"kfl;dskfl;ds\", \"created_at\": \"2026-03-26T03:42:41.000000Z\", \"updated_at\": \"2026-03-26T03:42:41.000000Z\", \"description\": \"\", \"day_overrides\": null, \"classification\": \"fkld;skfl;dskfl;dskf;slskl\", \"recurrence_end\": null, \"recurrence_rule\": null}', '{\"id\": \"876de973-d6ee-4760-9dc3-b5a7ce4483aa\", \"date\": \"2026-03-27\", \"time\": null, \"color\": \"#86efac\", \"title\": \"CBT Training in Hilot Wellness Massage FDJSKLFJDSKLFJ DKLFJDKLS;S\", \"status\": \"upcoming\", \"user_id\": 4, \"end_date\": null, \"location\": \"kfl;dskfl;ds\", \"created_at\": \"2026-03-26T03:42:41.000000Z\", \"updated_at\": \"2026-03-26T03:50:19.000000Z\", \"description\": \"\", \"day_overrides\": null, \"classification\": \"fkld;skfl;dskfl;dskf;slskl\", \"recurrence_end\": null, \"recurrence_rule\": null}', '2026-03-26 03:50:19', '2026-03-26 03:50:19');
INSERT INTO `event_audits` (`id`, `event_id`, `user_id`, `action`, `old_values`, `new_values`, `created_at`, `updated_at`) VALUES ('8', '876de973-d6ee-4760-9dc3-b5a7ce4483aa', '4', 'updated', '{\"id\": \"876de973-d6ee-4760-9dc3-b5a7ce4483aa\", \"date\": \"2026-03-27\", \"time\": null, \"color\": \"#86efac\", \"title\": \"CBT Training in Hilot Wellness Massage FDJSKLFJDSKLFJ DKLFJDKLS;S\", \"status\": \"upcoming\", \"user_id\": 4, \"end_date\": null, \"location\": \"kfl;dskfl;ds\", \"created_at\": \"2026-03-26T03:42:41.000000Z\", \"updated_at\": \"2026-03-26T03:50:19.000000Z\", \"description\": \"\", \"day_overrides\": null, \"classification\": \"fkld;skfl;dskfl;dskf;slskl\", \"recurrence_end\": null, \"recurrence_rule\": null}', '{\"id\": \"876de973-d6ee-4760-9dc3-b5a7ce4483aa\", \"date\": \"2026-03-27\", \"time\": null, \"color\": \"#86efac\", \"title\": \"C-HILOT WELLNESS MASSAGE AND SJDJKSJDKLEA\", \"status\": \"upcoming\", \"user_id\": 4, \"end_date\": null, \"location\": \"kfl;dskfl;ds\", \"created_at\": \"2026-03-26T03:42:41.000000Z\", \"updated_at\": \"2026-03-26T03:51:37.000000Z\", \"description\": \"\", \"day_overrides\": null, \"classification\": \"fkld;skfl;dskfl;dskf;slskl\", \"recurrence_end\": null, \"recurrence_rule\": null}', '2026-03-26 03:51:37', '2026-03-26 03:51:37');

DROP TABLE IF EXISTS `events`;
CREATE TABLE `events` (
  `id` varchar(191) COLLATE utf8mb4_unicode_ci NOT NULL,
  `title` varchar(191) COLLATE utf8mb4_unicode_ci NOT NULL,
  `location` varchar(191) COLLATE utf8mb4_unicode_ci DEFAULT NULL,
  `classification` varchar(191) COLLATE utf8mb4_unicode_ci DEFAULT NULL,
  `date` varchar(191) COLLATE utf8mb4_unicode_ci NOT NULL,
  `end_date` varchar(191) COLLATE utf8mb4_unicode_ci DEFAULT NULL,
  `time` varchar(191) COLLATE utf8mb4_unicode_ci DEFAULT NULL,
  `description` text COLLATE utf8mb4_unicode_ci,
  `status` varchar(191) COLLATE utf8mb4_unicode_ci NOT NULL DEFAULT 'upcoming',
  `color` varchar(191) COLLATE utf8mb4_unicode_ci NOT NULL DEFAULT '#3b82f6',
  `day_overrides` json DEFAULT NULL,
  `recurrence_rule` varchar(191) COLLATE utf8mb4_unicode_ci DEFAULT NULL,
  `recurrence_end` date DEFAULT NULL,
  `created_at` timestamp NULL DEFAULT NULL,
  `updated_at` timestamp NULL DEFAULT NULL,
  `user_id` bigint unsigned DEFAULT NULL,
  PRIMARY KEY (`id`),
  KEY `events_date_index` (`date`),
  KEY `events_status_index` (`status`),
  KEY `events_created_at_index` (`created_at`),
  KEY `events_user_id_foreign` (`user_id`)
) ENGINE=MyISAM DEFAULT CHARSET=utf8mb4 COLLATE=utf8mb4_unicode_ci;

INSERT INTO `events` (`id`, `title`, `location`, `classification`, `date`, `end_date`, `time`, `description`, `status`, `color`, `day_overrides`, `recurrence_rule`, `recurrence_end`, `created_at`, `updated_at`, `user_id`) VALUES ('c8c8c142-da06-468f-ba39-74b32224ec33', 'CBT Training in Hilot Wellness Massage', 'Brgy. Hayanggabon, Claver', 'Women', '2026-03-18', '2026-03-20', '08:00', 'No more further details', 'upcoming', '#fb923c', '[]', NULL, NULL, '2026-03-12 10:31:25', '2026-03-15 12:18:55', '2');
INSERT INTO `events` (`id`, `title`, `location`, `classification`, `date`, `end_date`, `time`, `description`, `status`, `color`, `day_overrides`, `recurrence_rule`, `recurrence_end`, `created_at`, `updated_at`, `user_id`) VALUES ('447aeaaa-8e73-4c34-b847-4ffcf2d73497', 'CBT Training in Hilot Wellness Massage', 'LGU Tubod', 'Women', '2026-03-21', NULL, '08:00', 'No more further details.', 'upcoming', '#bbf7d0', NULL, NULL, NULL, '2026-03-12 10:32:20', '2026-03-15 12:11:29', '2');
INSERT INTO `events` (`id`, `title`, `location`, `classification`, `date`, `end_date`, `time`, `description`, `status`, `color`, `day_overrides`, `recurrence_rule`, `recurrence_end`, `created_at`, `updated_at`, `user_id`) VALUES ('2f7dae83-9888-4fb2-9fc5-996da0a3308b', 'CBT Training in Food Processing and Manicure Training', 'Alegria', 'IP Women / Youthh', '2026-03-24', '2026-03-27', '08:00', 'No more details', 'upcoming', '#cffafe', '{\"2026-03-24\": {\"title\": \"CBT Training in Food Processing and Manicure Training\", \"location\": \"Alegria\", \"description\": \"CBT Training in Food Processing: \\n\\n24 : Alegria\\n\\n25: Higakit \\n\\n26: Sison\\n\\n27: San francisco\\n\\nWHO: IP Women / Youth\", \"classification\": \"IP Women / Youth\"}, \"2026-03-25\": {\"location\": \"Higakit\", \"description\": null, \"classification\": \"IP Women / Youth\"}, \"2026-03-26\": {\"title\": \"CBT Training in Food Processing and Manicure Training\", \"location\": \"Sison\", \"description\": null, \"classification\": \"IP Women / Youth\"}, \"2026-03-27\": {\"title\": \"CBT Training in Food Processing and Manicure Training\", \"location\": \"San Francisco\", \"description\": null, \"classification\": \"IP Women / Youth\"}}', NULL, NULL, '2026-03-12 10:34:57', '2026-03-15 12:18:32', '2');
INSERT INTO `events` (`id`, `title`, `location`, `classification`, `date`, `end_date`, `time`, `description`, `status`, `color`, `day_overrides`, `recurrence_rule`, `recurrence_end`, `created_at`, `updated_at`, `user_id`) VALUES ('4d3d36a2-c2d6-48fc-8084-70311a55bfcd', 'wweeeeeee', 'mt. apo', 'men and women wela salon', '2026-03-18', '2026-03-20', NULL, '', 'upcoming', '#93c5fd', NULL, NULL, NULL, '2026-03-17 09:50:02', '2026-03-17 09:50:02', '2');
INSERT INTO `events` (`id`, `title`, `location`, `classification`, `date`, `end_date`, `time`, `description`, `status`, `color`, `day_overrides`, `recurrence_rule`, `recurrence_end`, `created_at`, `updated_at`, `user_id`) VALUES ('9c01f724-23d8-4300-b016-b4e40039db37', 'hello BOOM', 'ghjju', 'jguyh', '2026-03-18', '2026-03-19', NULL, '', 'upcoming', '#86efac', '[]', NULL, NULL, '2026-03-17 09:50:48', '2026-03-17 10:17:01', '2');
INSERT INTO `events` (`id`, `title`, `location`, `classification`, `date`, `end_date`, `time`, `description`, `status`, `color`, `day_overrides`, `recurrence_rule`, `recurrence_end`, `created_at`, `updated_at`, `user_id`) VALUES ('c95e5d8b-6891-4a52-a38f-a62f2d7c29e4', 'worl war 1', 'jhghj', 'mnbjm', '2026-03-17', '2026-03-18', NULL, '', 'upcoming', '#93c5fd', '{\"2026-03-18\": {\"title\": \"worl war 1 BOOM\"}}', NULL, NULL, '2026-03-17 10:05:11', '2026-03-17 10:12:29', '2');
INSERT INTO `events` (`id`, `title`, `location`, `classification`, `date`, `end_date`, `time`, `description`, `status`, `color`, `day_overrides`, `recurrence_rule`, `recurrence_end`, `created_at`, `updated_at`, `user_id`) VALUES ('b5c4ad91-5e7f-41ef-86d5-c75f14016ed3', 'Ang pag kikita ni gargan at tera', 'kjkb', 'm,j', '2026-03-17', '2026-03-20', NULL, '', 'upcoming', '#93c5fd', NULL, NULL, NULL, '2026-03-17 10:06:26', '2026-03-17 10:06:26', '2');
INSERT INTO `events` (`id`, `title`, `location`, `classification`, `date`, `end_date`, `time`, `description`, `status`, `color`, `day_overrides`, `recurrence_rule`, `recurrence_end`, `created_at`, `updated_at`, `user_id`) VALUES ('221f360d-c810-4a48-9c4a-7c6ebbc13c95', 'YAAAAAAAY', 'AJSKDJSKL', 'SSKDJSALK', '2026-03-26', '2026-03-30', NULL, '', 'upcoming', '#93c5fd', '{\"2026-03-27\": {\"location\": \"WOOOOWOW\"}}', NULL, NULL, '2026-03-26 03:24:23', '2026-03-26 03:25:37', '4');
INSERT INTO `events` (`id`, `title`, `location`, `classification`, `date`, `end_date`, `time`, `description`, `status`, `color`, `day_overrides`, `recurrence_rule`, `recurrence_end`, `created_at`, `updated_at`, `user_id`) VALUES ('d5ae1b14-52d6-49d0-adc2-c36f62e2a41b', 'CBT Training in Food Processing and Manicure Training', 'SJKLFJKLA', 'SJKLJKLSDA', '2026-03-28', NULL, NULL, '', 'upcoming', '#fdba74', NULL, NULL, NULL, '2026-03-26 03:24:39', '2026-03-26 03:41:02', '4');
INSERT INTO `events` (`id`, `title`, `location`, `classification`, `date`, `end_date`, `time`, `description`, `status`, `color`, `day_overrides`, `recurrence_rule`, `recurrence_end`, `created_at`, `updated_at`, `user_id`) VALUES ('876de973-d6ee-4760-9dc3-b5a7ce4483aa', 'C-HILOT WELLNESS MASSAGE AND SJDJKSJDKLEA', 'kfl;dskfl;ds', 'fkld;skfl;dskfl;dskf;slskl', '2026-03-27', NULL, NULL, '', 'upcoming', '#86efac', NULL, NULL, NULL, '2026-03-26 03:42:41', '2026-03-26 03:51:37', '4');

DROP TABLE IF EXISTS `failed_jobs`;
CREATE TABLE `failed_jobs` (
  `id` bigint unsigned NOT NULL AUTO_INCREMENT,
  `uuid` varchar(191) COLLATE utf8mb4_unicode_ci NOT NULL,
  `connection` text COLLATE utf8mb4_unicode_ci NOT NULL,
  `queue` text COLLATE utf8mb4_unicode_ci NOT NULL,
  `payload` longtext COLLATE utf8mb4_unicode_ci NOT NULL,
  `exception` longtext COLLATE utf8mb4_unicode_ci NOT NULL,
  `failed_at` timestamp NOT NULL DEFAULT CURRENT_TIMESTAMP,
  PRIMARY KEY (`id`),
  UNIQUE KEY `failed_jobs_uuid_unique` (`uuid`)
) ENGINE=MyISAM DEFAULT CHARSET=utf8mb4 COLLATE=utf8mb4_unicode_ci;


DROP TABLE IF EXISTS `job_batches`;
CREATE TABLE `job_batches` (
  `id` varchar(191) COLLATE utf8mb4_unicode_ci NOT NULL,
  `name` varchar(191) COLLATE utf8mb4_unicode_ci NOT NULL,
  `total_jobs` int NOT NULL,
  `pending_jobs` int NOT NULL,
  `failed_jobs` int NOT NULL,
  `failed_job_ids` longtext COLLATE utf8mb4_unicode_ci NOT NULL,
  `options` mediumtext COLLATE utf8mb4_unicode_ci,
  `cancelled_at` int DEFAULT NULL,
  `created_at` int NOT NULL,
  `finished_at` int DEFAULT NULL,
  PRIMARY KEY (`id`)
) ENGINE=MyISAM DEFAULT CHARSET=utf8mb4 COLLATE=utf8mb4_unicode_ci;


DROP TABLE IF EXISTS `jobs`;
CREATE TABLE `jobs` (
  `id` bigint unsigned NOT NULL AUTO_INCREMENT,
  `queue` varchar(191) COLLATE utf8mb4_unicode_ci NOT NULL,
  `payload` longtext COLLATE utf8mb4_unicode_ci NOT NULL,
  `attempts` tinyint unsigned NOT NULL,
  `reserved_at` int unsigned DEFAULT NULL,
  `available_at` int unsigned NOT NULL,
  `created_at` int unsigned NOT NULL,
  PRIMARY KEY (`id`),
  KEY `jobs_queue_index` (`queue`)
) ENGINE=MyISAM DEFAULT CHARSET=utf8mb4 COLLATE=utf8mb4_unicode_ci;


DROP TABLE IF EXISTS `migrations`;
CREATE TABLE `migrations` (
  `id` int unsigned NOT NULL AUTO_INCREMENT,
  `migration` varchar(191) COLLATE utf8mb4_unicode_ci NOT NULL,
  `batch` int NOT NULL,
  PRIMARY KEY (`id`)
) ENGINE=MyISAM AUTO_INCREMENT=16 DEFAULT CHARSET=utf8mb4 COLLATE=utf8mb4_unicode_ci;

INSERT INTO `migrations` (`id`, `migration`, `batch`) VALUES ('1', '0001_01_01_000000_create_users_table', '1');
INSERT INTO `migrations` (`id`, `migration`, `batch`) VALUES ('2', '0001_01_01_000001_create_cache_table', '1');
INSERT INTO `migrations` (`id`, `migration`, `batch`) VALUES ('3', '0001_01_01_000002_create_jobs_table', '1');
INSERT INTO `migrations` (`id`, `migration`, `batch`) VALUES ('4', '2026_03_09_055645_create_events_table', '1');
INSERT INTO `migrations` (`id`, `migration`, `batch`) VALUES ('5', '2026_03_11_005204_add_end_date_and_color_to_events_table', '2');
INSERT INTO `migrations` (`id`, `migration`, `batch`) VALUES ('6', '2026_03_13_000000_add_location_classification_day_overrides_to_events', '3');
INSERT INTO `migrations` (`id`, `migration`, `batch`) VALUES ('7', '2026_03_13_100000_add_full_name_and_profile_picture_to_users', '4');
INSERT INTO `migrations` (`id`, `migration`, `batch`) VALUES ('8', '2026_03_15_021441_add_is_admin_to_users_table', '5');
INSERT INTO `migrations` (`id`, `migration`, `batch`) VALUES ('9', '2026_03_16_020924_add_recurrence_to_events_table', '5');
INSERT INTO `migrations` (`id`, `migration`, `batch`) VALUES ('10', '2026_03_16_021212_create_event_attachments_table', '5');
INSERT INTO `migrations` (`id`, `migration`, `batch`) VALUES ('11', '2026_03_16_021431_create_event_audits_table', '5');
INSERT INTO `migrations` (`id`, `migration`, `batch`) VALUES ('12', '2026_03_16_021832_add_is_active_to_users_table', '5');
INSERT INTO `migrations` (`id`, `migration`, `batch`) VALUES ('13', '2026_03_16_022103_add_indexes_to_events_table', '5');
INSERT INTO `migrations` (`id`, `migration`, `batch`) VALUES ('14', '2026_03_16_120000_add_fk_to_event_audits_table', '5');
INSERT INTO `migrations` (`id`, `migration`, `batch`) VALUES ('15', '2026_03_26_032152_add_user_id_to_events_table', '6');

DROP TABLE IF EXISTS `password_reset_tokens`;
CREATE TABLE `password_reset_tokens` (
  `email` varchar(191) COLLATE utf8mb4_unicode_ci NOT NULL,
  `token` varchar(191) COLLATE utf8mb4_unicode_ci NOT NULL,
  `created_at` timestamp NULL DEFAULT NULL,
  PRIMARY KEY (`email`)
) ENGINE=MyISAM DEFAULT CHARSET=utf8mb4 COLLATE=utf8mb4_unicode_ci;


DROP TABLE IF EXISTS `sessions`;
CREATE TABLE `sessions` (
  `id` varchar(191) COLLATE utf8mb4_unicode_ci NOT NULL,
  `user_id` bigint unsigned DEFAULT NULL,
  `ip_address` varchar(45) COLLATE utf8mb4_unicode_ci DEFAULT NULL,
  `user_agent` text COLLATE utf8mb4_unicode_ci,
  `payload` longtext COLLATE utf8mb4_unicode_ci NOT NULL,
  `last_activity` int NOT NULL,
  PRIMARY KEY (`id`),
  KEY `sessions_user_id_index` (`user_id`),
  KEY `sessions_last_activity_index` (`last_activity`)
) ENGINE=MyISAM DEFAULT CHARSET=utf8mb4 COLLATE=utf8mb4_unicode_ci;

INSERT INTO `sessions` (`id`, `user_id`, `ip_address`, `user_agent`, `payload`, `last_activity`) VALUES ('EoicfrXDkmplMe53z5HJGTzcpfuGdsxwkMoK5cFV', NULL, '127.0.0.1', 'Mozilla/5.0 (Windows NT 10.0; Win64; x64) AppleWebKit/537.36 (KHTML, like Gecko) Chrome/134.0.0.0 Safari/537.36', 'YTozOntzOjY6Il90b2tlbiI7czo0MDoiR1ZwNGdYc1FlRWY4QXFUYXQ5NFdOTm0yMWFmUXFhckZCNWRxRFRNVSI7czo5OiJfcHJldmlvdXMiO2E6Mjp7czozOiJ1cmwiO3M6MjE6Imh0dHA6Ly9sb2NhbGhvc3Q6ODAwMCI7czo1OiJyb3V0ZSI7czo1OiJsb2dpbiI7fXM6NjoiX2ZsYXNoIjthOjI6e3M6Mzoib2xkIjthOjA6e31zOjM6Im5ldyI7YTowOnt9fX0=', '1774494386');
INSERT INTO `sessions` (`id`, `user_id`, `ip_address`, `user_agent`, `payload`, `last_activity`) VALUES ('VmmpDYm2tGCeiyugjKICLiv78EgZhiep0DfsaeIf', NULL, '127.0.0.1', 'Mozilla/5.0 (Windows NT 10.0; Win64; x64) AppleWebKit/537.36 (KHTML, like Gecko) Chrome/134.0.0.0 Safari/537.36', 'YTozOntzOjY6Il9mbGFzaCI7YToyOntzOjM6Im9sZCI7YTowOnt9czozOiJuZXciO2E6MDp7fX1zOjY6Il90b2tlbiI7czo0MDoiQTdlSHk3NDlBdlRMbGZNdDM3Z0JjdjE1RmlZSnduNkt4ZFhjemYxayI7czo5OiJfcHJldmlvdXMiO2E6Mjp7czozOiJ1cmwiO3M6MjE6Imh0dHA6Ly9sb2NhbGhvc3Q6ODAwMCI7czo1OiJyb3V0ZSI7czo1OiJsb2dpbiI7fX0=', '1774494667');
INSERT INTO `sessions` (`id`, `user_id`, `ip_address`, `user_agent`, `payload`, `last_activity`) VALUES ('u8OYlEjSkJQu7i0mrBoZRr2zJ7IeartgMIVCV8p5', NULL, '127.0.0.1', 'Mozilla/5.0 (Windows NT 10.0; Win64; x64) AppleWebKit/537.36 (KHTML, like Gecko) Chrome/134.0.0.0 Safari/537.36', 'YTozOntzOjY6Il9mbGFzaCI7YToyOntzOjM6Im9sZCI7YTowOnt9czozOiJuZXciO2E6MDp7fX1zOjY6Il90b2tlbiI7czo0MDoiRmFqTlI4UDE2MGxqUUk2T1ZpYTF6cDF5UnBBQlkzTThoSklJQUxoRCI7czo5OiJfcHJldmlvdXMiO2E6Mjp7czozOiJ1cmwiO3M6MjE6Imh0dHA6Ly9sb2NhbGhvc3Q6ODAwMCI7czo1OiJyb3V0ZSI7czo1OiJsb2dpbiI7fX0=', '1774495934');
INSERT INTO `sessions` (`id`, `user_id`, `ip_address`, `user_agent`, `payload`, `last_activity`) VALUES ('3M9RpfkRpFwivKv9JWHlGGtkp5uR7YL4aRDjNoj9', NULL, '127.0.0.1', 'Mozilla/5.0 (Windows NT 10.0; Win64; x64) AppleWebKit/537.36 (KHTML, like Gecko) Chrome/134.0.0.0 Safari/537.36', 'YTozOntzOjY6Il9mbGFzaCI7YToyOntzOjM6Im9sZCI7YTowOnt9czozOiJuZXciO2E6MDp7fX1zOjY6Il90b2tlbiI7czo0MDoiVUNKcjc1OFkxRnA1Zmd4bU5RNmdSaFRGa3FtT0syZGpNc0FrelJXTiI7czo5OiJfcHJldmlvdXMiO2E6Mjp7czozOiJ1cmwiO3M6MjE6Imh0dHA6Ly9sb2NhbGhvc3Q6ODAwMCI7czo1OiJyb3V0ZSI7czo1OiJsb2dpbiI7fX0=', '1774495229');
INSERT INTO `sessions` (`id`, `user_id`, `ip_address`, `user_agent`, `payload`, `last_activity`) VALUES ('KIm7wOceuQDTIqul8QqprmCwrv75V70T5A3bDJfG', NULL, '127.0.0.1', 'Mozilla/5.0 (Windows NT 10.0; Win64; x64) AppleWebKit/537.36 (KHTML, like Gecko) Chrome/146.0.0.0 Safari/537.36 Edg/146.0.0.0', 'YTozOntzOjY6Il90b2tlbiI7czo0MDoia0IxSlVnNHd0d1RaclpMOHVlcXVkR2pYMEI0SVlaVzM0OUNWNkJRSiI7czo5OiJfcHJldmlvdXMiO2E6Mjp7czozOiJ1cmwiO3M6MjE6Imh0dHA6Ly8xMjcuMC4wLjE6ODAwMCI7czo1OiJyb3V0ZSI7czo1OiJsb2dpbiI7fXM6NjoiX2ZsYXNoIjthOjI6e3M6Mzoib2xkIjthOjA6e31zOjM6Im5ldyI7YTowOnt9fX0=', '1774495044');
INSERT INTO `sessions` (`id`, `user_id`, `ip_address`, `user_agent`, `payload`, `last_activity`) VALUES ('4fhe1JMM2V7arSMjmCnelH5E6nF1WNShzvZvnAub', NULL, '127.0.0.1', 'Mozilla/5.0 (Windows NT 10.0; Win64; x64) AppleWebKit/537.36 (KHTML, like Gecko) Chrome/146.0.0.0 Safari/537.36 Edg/146.0.0.0', 'YTozOntzOjY6Il9mbGFzaCI7YToyOntzOjM6Im9sZCI7YTowOnt9czozOiJuZXciO2E6MDp7fX1zOjY6Il90b2tlbiI7czo0MDoiOFN1QjNBYkFKc2Fyd1BibDlkb0pGV3Y1SU9qZXZQeTZsaUg3d3NDVyI7czo5OiJfcHJldmlvdXMiO2E6Mjp7czozOiJ1cmwiO3M6MjE6Imh0dHA6Ly8xMjcuMC4wLjE6ODAwMCI7czo1OiJyb3V0ZSI7czo1OiJsb2dpbiI7fX0=', '1774495072');
INSERT INTO `sessions` (`id`, `user_id`, `ip_address`, `user_agent`, `payload`, `last_activity`) VALUES ('dqo7KZOyKZ73g3b9gaGpFnHGTANit2k71G2ohAt6', NULL, '127.0.0.1', 'Mozilla/5.0 (Windows NT 10.0; Win64; x64) AppleWebKit/537.36 (KHTML, like Gecko) Chrome/146.0.0.0 Safari/537.36 Edg/146.0.0.0', 'YTozOntzOjY6Il9mbGFzaCI7YToyOntzOjM6Im9sZCI7YTowOnt9czozOiJuZXciO2E6MDp7fX1zOjY6Il90b2tlbiI7czo0MDoiT0VOT3lXUlY2NW95QmxHbEdINmVLTXdhdDRpUkFZcEs5Q3VWdHk0ayI7czo5OiJfcHJldmlvdXMiO2E6Mjp7czozOiJ1cmwiO3M6MjE6Imh0dHA6Ly8xMjcuMC4wLjE6ODAwMCI7czo1OiJyb3V0ZSI7czo1OiJsb2dpbiI7fX0=', '1774495440');
INSERT INTO `sessions` (`id`, `user_id`, `ip_address`, `user_agent`, `payload`, `last_activity`) VALUES ('n0x8JCPu7pMCDjFsxw2y6xHk8TlktVUaUCfrF6BR', NULL, '127.0.0.1', 'Mozilla/5.0 (Windows NT 10.0; Win64; x64) AppleWebKit/537.36 (KHTML, like Gecko) Chrome/134.0.0.0 Safari/537.36', 'YTo2OntzOjY6Il9mbGFzaCI7YToyOntzOjM6Im9sZCI7YTowOnt9czozOiJuZXciO2E6MDp7fX1zOjY6Il90b2tlbiI7czo0MDoiYnhIZ01ucFduNWZrZFdMN1BHWHRhT3c4N3oxbDUxR1ZpTXBSV1ZxMCI7czo5OiJfcHJldmlvdXMiO2E6Mjp7czozOiJ1cmwiO3M6MzI6Imh0dHA6Ly9sb2NhbGhvc3Q6ODAwMC9hcGkvZXZlbnRzIjtzOjU6InJvdXRlIjtOO31zOjc6InVzZXJfaWQiO2k6NTtzOjk6InVzZXJfbmFtZSI7czo1OiJBZG1pbiI7czoxMDoidXNlcl9lbWFpbCI7czoxNzoiYWRtaW5AZXhhbXBsZS5jb20iO30=', '1774496112');
INSERT INTO `sessions` (`id`, `user_id`, `ip_address`, `user_agent`, `payload`, `last_activity`) VALUES ('5XgzMGrPtRg37NC1R0LtToFtwxqRi61P4nDMOe7q', NULL, '127.0.0.1', 'Mozilla/5.0 (Windows NT 10.0; Win64; x64) AppleWebKit/537.36 (KHTML, like Gecko) Chrome/146.0.0.0 Safari/537.36 Edg/146.0.0.0', 'YTo2OntzOjY6Il9mbGFzaCI7YToyOntzOjM6Im9sZCI7YTowOnt9czozOiJuZXciO2E6MDp7fX1zOjY6Il90b2tlbiI7czo0MDoiTk5oUXpvRUlSZnVEWUd5WDFFa3FaMU9kbUZCYUFKWFZXUWgwRTF4dCI7czo5OiJfcHJldmlvdXMiO2E6Mjp7czozOiJ1cmwiO3M6MzI6Imh0dHA6Ly8xMjcuMC4wLjE6ODAwMC9hcGkvZXZlbnRzIjtzOjU6InJvdXRlIjtOO31zOjc6InVzZXJfaWQiO2k6NDtzOjk6InVzZXJfbmFtZSI7czoxNToiTm9yaWVsbGUgU2VyYXRvIjtzOjEwOiJ1c2VyX2VtYWlsIjtzOjE2OiJzZXJhdG9AZ21haWwuY29tIjt9', '1774497645');

DROP TABLE IF EXISTS `users`;
CREATE TABLE `users` (
  `id` bigint unsigned NOT NULL AUTO_INCREMENT,
  `full_name` varchar(191) COLLATE utf8mb4_unicode_ci DEFAULT NULL,
  `name` varchar(191) COLLATE utf8mb4_unicode_ci NOT NULL,
  `email` varchar(191) COLLATE utf8mb4_unicode_ci NOT NULL,
  `email_verified_at` timestamp NULL DEFAULT NULL,
  `password` varchar(191) COLLATE utf8mb4_unicode_ci NOT NULL,
  `is_admin` tinyint(1) NOT NULL DEFAULT '0',
  `is_active` tinyint(1) NOT NULL DEFAULT '1',
  `profile_picture` varchar(191) COLLATE utf8mb4_unicode_ci DEFAULT NULL,
  `remember_token` varchar(100) COLLATE utf8mb4_unicode_ci DEFAULT NULL,
  `created_at` timestamp NULL DEFAULT NULL,
  `updated_at` timestamp NULL DEFAULT NULL,
  PRIMARY KEY (`id`),
  UNIQUE KEY `users_email_unique` (`email`)
) ENGINE=MyISAM AUTO_INCREMENT=6 DEFAULT CHARSET=utf8mb4 COLLATE=utf8mb4_unicode_ci;

INSERT INTO `users` (`id`, `full_name`, `name`, `email`, `email_verified_at`, `password`, `is_admin`, `is_active`, `profile_picture`, `remember_token`, `created_at`, `updated_at`) VALUES ('2', 'Joselito Ecoben', 'Joselito Ecoben', 'jcecoben@gmail.com', NULL, '$2y$12$McRXcG97E7HqFzWz/FnAbenxuW/c54xHvWqmFzLRKVQveMppkMcxm', '1', '1', 'profile_pictures/1774494807_2.jpg', NULL, '2026-03-14 07:17:27', '2026-03-26 03:14:41');
INSERT INTO `users` (`id`, `full_name`, `name`, `email`, `email_verified_at`, `password`, `is_admin`, `is_active`, `profile_picture`, `remember_token`, `created_at`, `updated_at`) VALUES ('5', 'Admin', 'Admin', 'admin@example.com', NULL, '$2y$12$q3bdrrTAoSwy5glymL7Ae.qTcWCUBqZ8RgA2ZAIoV4xn51RsI0FFm', '0', '1', NULL, NULL, '2026-03-26 03:32:13', '2026-03-26 03:32:13');
INSERT INTO `users` (`id`, `full_name`, `name`, `email`, `email_verified_at`, `password`, `is_admin`, `is_active`, `profile_picture`, `remember_token`, `created_at`, `updated_at`) VALUES ('4', 'Norielle Serato', 'Norielle Serato', 'serato@gmail.com', NULL, '$2y$12$pImn0RolpMhUPWFoX79r4O5e5zYSmI0N8UfkGe3U861re3IivV8y2', '0', '1', 'profile_pictures/1774495253_4.jpg', NULL, '2026-03-26 03:17:06', '2026-03-26 03:20:53');

SET FOREIGN_KEY_CHECKS=1;
